2026-07-02T07:25:30Z	1725240_0	handled_by	1725979
2026-07-02T07:25:30Z	1725240_1	handled_by	1725979
2026-07-02T07:25:30Z	1725240_11	handled_by	1725979
2026-07-02T07:25:30Z	1725240_12	handled_by	1725979
2026-07-02T07:25:30Z	1725240_13	handled_by	1725979
2026-07-02T07:25:30Z	1725240_2	handled_by	1725979
2026-07-02T07:25:30Z	1725240_3	handled_by	1725979
2026-07-02T07:25:30Z	1725240_4	handled_by	1725979
2026-07-02T07:25:30Z	1725240_5	handled_by	1725979
2026-07-02T07:25:30Z	1725240_6	handled_by	1725979
2026-07-02T07:25:30Z	1725240_7	handled_by	1725979
2026-07-02T07:25:30Z	1725240_8	handled_by	1725979
2026-07-02T07:25:30Z	1725240_9	handled_by	1725979
2026-07-02T07:40:30Z	1725241_85	handled_by	1725998
